#allelotype	count	frequency
A*02:03	212	3.01339639481235e-05
A*02:02	441	6.26843306656721e-05
A*02:01	180969	0.0257231760458866
A*02:07	10	1.42141339377941e-06
A*02:06	1151	0.00016360468162401
A*02:05	4971	0.000706584598047746
A*24:02	47378	0.0067343723770481
A*24:03	191	2.71489958211868e-05
A*24:04	10	1.42141339377941e-06
A*24:07	18	2.55854410880294e-06
A*11:01	40272	0.00572431601942845
A*11:02	1	1.42141339377941e-07
A*11:03	2	2.84282678755882e-07
A*34:02	616	8.75590650568118e-05
A*34:01	0	0
A*31:03	0	0
A*31:01	18014	0.00256053408755423
A*31:04	0	0
A*74:01	221	3.1413236002525e-05
A*69:01	154	2.18897662642029e-05
A*32:01	23299	0.00331175106616665
A*40:27	0	0
A*02:14	0	0
A*02:16	0	0
A*02:10	0	0
A*02:11	396	5.62879703936647e-05
A*24:10	4	5.68565357511765e-07
A*74:03	26	3.69567482382647e-06
A*01:01	130565	0.0185586839758809
A*01:02	114	1.62041126890853e-05
A*01:03	3	4.26424018133824e-07
A*80:01	51	7.249208308275e-06
A*29:01	553	7.86041606760015e-05
A*29:02	28605	0.00406595301290601
A*03:02	713	0.000101346774976472
A*02:20	15	2.13212009066912e-06
A*68:01	20274	0.00288177351454838
A*68:02	3912	0.000556056919646506
A*43:86	0	0
A*36:01	4	5.68565357511765e-07
A*33:01	3653	0.000519242312747619
A*33:03	1169	0.000166163225732813
A*02:64	0	0
A*23:01	11396	0.00161984270355102
A*26:03	0	0
A*26:01	11046	0.00157009323476874
A*26:08	459	6.5242874774475e-05
A*03:01	97125	0.0138054775870825
A*25:01	9807	0.00139398011527947
A*66:02	4	5.68565357511765e-07
A*66:01	1870	0.00026580430463675
A*68:17	5	7.10706696889706e-07
A*30:02	6545	0.000930315066228625
A*30:01	6779	0.000963576139643063
A*30:04	639	9.08283158625044e-05
B*51:05	7	9.94989375645588e-07
B*51:07	27	3.83781616320441e-06
B*51:06	0	0
B*51:01	23438	0.00333150871234019
B*51:02	0	0
B*51:08	388	5.51508396786412e-05
B*15:05	1	1.42141339377941e-07
B*15:04	2	2.84282678755882e-07
B*15:07	4	5.68565357511765e-07
B*15:06	2	2.84282678755882e-07
B*15:01	39895	0.00567072873448296
B*15:03	393	5.58615463755309e-05
B*15:02	5	7.10706696889706e-07
B*15:09	3	4.26424018133824e-07
B*15:08	3	4.26424018133824e-07
B*27:06	0	0
B*35:17	0	0
B*35:10	0	0
B*35:12	1	1.42141339377941e-07
B*35:19	0	0
B*54:01	2	2.84282678755882e-07
B*27:03	44	6.25421893262941e-06
B*27:07	35	4.97494687822794e-06
B*27:04	0	0
B*27:05	25959	0.00368984702891198
B*35:43	0	0
B*35:41	1	1.42141339377941e-07
B*81:01	2	2.84282678755882e-07
B*41:02	2246	0.000319249448242856
B*41:01	1288	0.000183078045118788
B*41:04	0	0
B*73:01	111	1.57776886709515e-05
B*44:07	1	1.42141339377941e-07
B*44:05	745	0.000105895297836566
B*44:04	267	3.79517376139103e-05
B*44:03	39012	0.00554521793181224
B*44:02	74617	0.0106061603203638
B*38:02	0	0
B*38:01	4592	0.000652713030423506
B*15:30	0	0
B*15:31	0	0
B*15:37	0	0
B*35:03	4935	0.00070146750983014
B*35:02	715	0.000101631057655228
B*35:01	28656	0.00407320222121428
B*35:05	10	1.42141339377941e-06
B*35:04	0	0
B*35:09	0	0
B*35:08	561	7.9741291391025e-05
B*42:01	104	1.47826992953059e-05
B*14:01	7722	0.00109761542267646
B*14:02	16808	0.00238911163226444
B*39:09	0	0
B*13:02	12854	0.00182708477636406
B*13:01	4	5.68565357511765e-07
B*39:24	0	0
B*50:01	5637	0.000801250730073454
B*50:02	0	0
B*82:01	3	4.26424018133824e-07
B*82:02	0	0
B*57:03	26	3.69567482382647e-06
B*57:02	130	1.84783741191324e-05
B*57:01	26234	0.00372893589724091
B*59:01	2	2.84282678755882e-07
B*48:03	0	0
B*48:02	0	0
B*48:01	67	9.52346973832206e-06
B*45:01	4361	0.000619878381027202
B*27:02	419	5.95572211993574e-05
B*46:01	0	0
B*51:23	2	2.84282678755882e-07
B*35:21	0	0
B*15:29	0	0
B*15:27	0	0
B*15:26	0	0
B*15:25	5	7.10706696889706e-07
B*15:24	95	1.35034272409044e-05
B*15:21	0	0
B*15:20	3	4.26424018133824e-07
B*08:01	96875	0.0137699422522381
B*18:01	23586	0.00335254563056812
B*18:02	0	0
B*18:03	64	9.09704572018823e-06
B*18:04	0	0
B*78:01	5	7.10706696889706e-07
B*39:10	26	3.69567482382647e-06
B*39:11	0	0
B*40:10	0	0
B*39:15	0	0
B*40:12	6	8.52848036267647e-07
B*56:03	0	0
B*56:01	1692	0.000240503146227476
B*56:04	0	0
B*53:01	1562	0.000222024772108344
B*15:16	247	3.51089108263515e-05
B*15:17	1144	0.000162609692248365
B*15:15	0	0
B*15:12	0	0
B*15:13	1	1.42141339377941e-07
B*15:10	76	1.08027417927235e-05
B*15:11	0	0
B*15:18	718	0.000102057481673362
B*37:01	8835	0.00125581873340411
B*70:20	0	0
B*35:20	0	0
B*35:22	0	0
B*07:02	99180	0.0140975780395042
B*07:05	846	0.000120251573113738
B*40:06	60	8.52848036267647e-06
B*49:01	7636	0.00108539126748996
B*39:08	0	0
B*39:05	0	0
B*55:01	12210	0.00173554575380466
B*55:02	3	4.26424018133824e-07
B*58:01	3319	0.000471767105395387
B*58:02	3	4.26424018133824e-07
B*47:01	2069	0.00029409043117296
B*40:02	5122	0.000728047940293815
B*40:01	37138	0.00527884506181798
B*40:04	0	0
B*39:06	4434	0.000630254698801791
B*40:09	0	0
B*39:03	0	0
B*39:02	12	1.70569607253529e-06
B*39:01	3993	0.000567570368136119
B*52:01	3271	0.000464944321105246
B*67:01	0	0
C*18:01	74	1.05184591139676e-05
C*12:03	19023	0.00270395469898658
C*12:02	3254	0.000462527918335821
C*03:04	53057	0.00754159304337543
C*03:05	0	0
C*03:06	3	4.26424018133824e-07
C*03:02	846	0.000120251573113738
C*03:03	36560	0.00519668736765753
C*05:01	76614	0.0108900165751016
C*06:02	60235	0.00856188357743029
C*08:04	1	1.42141339377941e-07
C*08:02	24156	0.00343356619401355
C*08:01	68	9.6656110777e-06
C*07:26	2	2.84282678755882e-07
C*14:03	3	4.26424018133824e-07
C*14:02	6133	0.000871752834404913
C*02:02	24243	0.00344593249053943
C*01:02	22933	0.00325972733595432
C*04:03	26	3.69567482382647e-06
C*04:01	55785	0.00792935461719845
C*04:07	0	0
C*17:01	2123	0.000301766063499369
C*16:02	1111	0.000157919028048893
C*02:10	1	1.42141339377941e-07
C*15:02	11263	0.00160093790541375
C*15:04	46	6.53850161138529e-06
C*15:05	380	5.40137089636176e-05
C*16:01	29821	0.00423879688158958
C*16:04	354	5.03180341397912e-05
C*07:01	118859	0.0168947774571227
C*07:02	106007	0.0150679769634374
C*07:04	11738	0.00166845504161827
DPA1*03:01	51	7.249208308275e-06
DPA1*01:07	0	0
DPA1*01:04	3151	0.000447887360379893
DPA1*01:05	381	5.41558503029956e-05
DPA1*01:03	547805	0.0778657364179331
DPA1*04:01	2	2.84282678755882e-07
DPA1*02:01	98141	0.0139498931878905
DPA1*02:02	20507	0.00291489244662344
DPB1*22:01	0	0
DPB1*04:02	67885	0.00964926482367154
DPB1*04:01	263280	0.0374229718314244
DPB1*34:01	4	5.68565357511765e-07
DPB1*33:01	4	5.68565357511765e-07
DPB1*30:01	1	1.42141339377941e-07
DPB1*19:01	3528	0.000501474645325377
DPB1*13:01	9744	0.00138502521089866
DPB1*40:01	1	1.42141339377941e-07
DPB1*05:01	13584	0.00193084795410995
DPB1*14:01	4568	0.000649301638278435
DPB1*81:01	0	0
DPB1*21:01	8	1.13713071502353e-06
DPB1*10:01	9798	0.00139270084322507
DPB1*35:01	0	0
DPB1*85:01	0	0
DPB1*31:01	1	1.42141339377941e-07
DPB1*03:01	42318	0.00601513719979571
DPB1*15:01	4633	0.000658540825338002
DPB1*09:02	0	0
DPB1*09:01	1306	0.000185636589227591
DPB1*20:01	511	7.2634224422128e-05
DPB1*45:01	0	0
DPB1*06:01	4	5.68565357511765e-07
DPB1*23:01	557	7.91727260335132e-05
DPB1*05:02	0	0
DPB1*16:01	1138	0.000161756844212097
DPB1*28:01	1	1.42141339377941e-07
DPB1*48:01	0	0
DPB1*02:01	62492	0.0088826965804063
DPB1*02:02	4622	0.000656977270604844
DPB1*11:01	17526	0.0024911691139378
DPB1*26:01	19	2.70068544818088e-06
DPB1*18:01	9	1.27927205440147e-06
DPB1*17:01	7431	0.00105625229291748
DPB1*01:01	39722	0.00564613828277058
DQA1*01:01	95230	0.0135361197489613
DQA1*03:01	135759	0.0192969660926099
DQA1*03:03	567	8.05941394272927e-05
DQA1*03:02	13	1.84783741191324e-06
DQA1*06:01	1674	0.000237944602118674
DQA1*05:05	177	2.51590170698956e-05
DQA1*05:03	1	1.42141339377941e-07
DQA1*05:01	149121	0.021196258669378
DQA1*05:09	34	4.83280553885e-06
DQA1*02:01	97489	0.0138572170346161
DQA1*01:03	36423	0.00517721400416275
DQA1*01:02	127726	0.0181551447133869
DQA1*01:04	3	4.26424018133824e-07
DQA1*04:01	13043	0.00185394948950649
DQB1*06:04	18399	0.00261525850321474
DQB1*02:01	100105	0.0142290587784288
DQB1*02:02	21501	0.00305618093796511
DQB1*06:09	6723	0.000955616224637899
DQB1*06:01	2777	0.000394726499452543
DQB1*06:03	33254	0.00472676809967406
DQB1*06:02	93440	0.0132816867514748
DQB1*06:05	5	7.10706696889706e-07
DQB1*03:04	760	0.000108027417927235
DQB1*03:01	116908	0.0166174597039963
DQB1*03:02	69875	0.00993212608903364
DQB1*03:03	35212	0.00500508084217606
DQB1*04:02	13401	0.00190483608900379
DQB1*04:01	8	1.13713071502353e-06
DQB1*05:02	4222	0.000600120734853668
DQB1*05:03	14574	0.00207156788009411
DQB1*05:01	80974	0.0115097528147894
DQB1*05:04	927	0.000131765021603351
DRB1*03:02	13	1.84783741191324e-06
DRB1*03:01	99932	0.0142044683267164
DRB1*16:01	3369	0.000478874172364284
DRB1*16:02	173	2.45904517123838e-05
DRB1*09:01	8737	0.00124188888214507
DRB1*14:06	11	1.56355473315735e-06
DRB1*04:01	69827	0.0099253033047435
DRB1*04:02	1698	0.000241355994263744
DRB1*04:03	515	7.32027897796397e-05
DRB1*04:04	25547	0.00363128479708826
DRB1*04:05	3032	0.000430972540993918
DRB1*04:06	219	3.11289533237691e-05
DRB1*04:07	1030	0.000146405579559279
DRB1*04:08	327	4.64802179765868e-05
DRB1*14:15	4	5.68565357511765e-07
DRB1*10:01	3842	0.00054610702589005
DRB1*13:05	16	2.27426143004706e-06
DRB1*13:04	32	4.54852286009412e-06
DRB1*13:01	33374	0.00474382506039941
DRB1*13:03	5532	0.000786325889438771
DRB1*13:02	25389	0.00360882646546655
DRB1*11:03	1439	0.000204541387364857
DRB1*07:01	97520	0.0138616234161368
DRB1*04:11	3	4.26424018133824e-07
DRB1*04:10	5	7.10706696889706e-07
DRB1*08:04	542	7.70406059428441e-05
DRB1*08:06	371	5.27344369092162e-05
DRB1*08:07	3	4.26424018133824e-07
DRB1*08:01	11508	0.00163576253356135
DRB1*08:02	116	1.64883953678412e-05
DRB1*08:03	1609	0.000228705415059107
DRB1*14:10	0	0
DRB1*14:02	29	4.12209884196029e-06
DRB1*14:03	4	5.68565357511765e-07
DRB1*14:01	12275	0.00174478494086423
DRB1*14:07	0	0
DRB1*14:04	200	2.84282678755882e-05
DRB1*14:05	0	0
DRB1*14:09	0	0
DRB1*13:15	1	1.42141339377941e-07
DRB1*13:12	9	1.27927205440147e-06
DRB1*11:06	2	2.84282678755882e-07
DRB1*11:04	5944	0.000844888121262482
DRB1*11:02	1210	0.000171991020647309
DRB1*11:01	16760	0.00238228884797429
DRB1*14:44	0	0
DRB1*11:43	0	0
DRB1*08:11	2	2.84282678755882e-07
DRB1*08:10	2	2.84282678755882e-07
DRB1*01:01	60651	0.00862101437461151
DRB1*01:03	11044	0.00156980895208998
DRB1*01:02	4814	0.000684268407765409
DRB1*13:21	2	2.84282678755882e-07
DRB1*11:11	3	4.26424018133824e-07
DRB1*15:03	45	6.39636027200735e-06
DRB1*15:02	2762	0.000392594379361874
DRB1*15:01	96509	0.0137179185220257
DRB1*12:01	9370	0.00133186434997131
DRB1*12:02	13	1.84783741191324e-06
DRB3*03:01	25130	0.00357201185856766
DRB3*02:02	86663	0.0123183948945105
DRB3*01:01	112223	0.0159515275290107
DRB3*99:01	436050	0.0619807310357512
DRB3*02:10	11	1.56355473315735e-06
DRB3*02:24	45	6.39636027200735e-06
DRB4*01:01	50191	0.00713421596471825
DRB4*01:03	160831	0.0228607337534937
DRB4*99:01	430338	0.0611688197052245
DRB5*99:01	564923	0.0802989118654047
DRB5*01:01	96999	0.0137875677783209
DRB5*01:02	0	0
DRB5*02:02	4445	0.000631818253534949
