#country_of_birth	A*01	A*02	A*03	A*11	A*23	A*24	A*25	A*26	A*29	A*30	A*31	A*32	A*33	A*34	A*36	A*40	A*43	A*66	A*68	A*69	A*74	A*80	B*07	B*08	B*13	B*14	B*15	B*18	B*27	B*35	B*37	B*38	B*39	B*40	B*41	B*42	B*44	B*45	B*46	B*47	B*48	B*49	B*50	B*51	B*52	B*53	B*54	B*55	B*56	B*57	B*58	B*59	B*67	B*70	B*73	B*78	B*81	B*82	C*01	C*02	C*03	C*04	C*05	C*06	C*07	C*08	C*12	C*14	C*15	C*16	C*17	C*18	DPA1*01	DPA1*02	DPA1*03	DPA1*04	DPB1*01	DPB1*02	DPB1*03	DPB1*04	DPB1*05	DPB1*06	DPB1*09	DPB1*10	DPB1*11	DPB1*13	DPB1*14	DPB1*15	DPB1*16	DPB1*17	DPB1*18	DPB1*19	DPB1*20	DPB1*21	DPB1*22	DPB1*23	DPB1*26	DPB1*28	DPB1*30	DPB1*31	DPB1*33	DPB1*34	DPB1*35	DPB1*40	DPB1*45	DPB1*48	DPB1*81	DPB1*85	DQA1*01	DQA1*02	DQA1*03	DQA1*04	DQA1*05	DQA1*06	DQB1*02	DQB1*03	DQB1*04	DQB1*05	DQB1*06	DRB1*01	DRB1*03	DRB1*04	DRB1*07	DRB1*08	DRB1*09	DRB1*10	DRB1*11	DRB1*12	DRB1*13	DRB1*14	DRB1*15	DRB1*16	DRB3*01	DRB3*02	DRB3*03	DRB3*99	DRB4*01	DRB4*99	DRB5*01	DRB5*02	DRB5*99	HLA-A	HLA-B	HLA-C	HLA-DPA1	HLA-DPB1	HLA-DQA1	HLA-DQB1	HLA-DRB1	HLA-DRB3	HLA-DRB4	HLA-DRB5
Afghanistan	32	21	18	23	1	36	1	18	2	12	1	16	22	0	0	0	0	0	6	0	0	0	6	9	7	0	7	11	3	21	3	8	0	17	6	0	14	0	0	0	2	1	8	13	18	3	3	5	1	6	10	0	0	0	0	0	0	0	12	7	18	31	3	24	40	4	41	4	17	12	5	1	59	57	0	0	0	25	8	95	2	0	3	3	0	9	2	1	0	6	0	1	0	0	0	0	9	0	0	0	0	0	0	0	0	0	0	0	76	31	26	2	71	0	45	78	6	39	38	10	27	8	31	2	7	12	34	2	10	10	29	0	7	84	5	97	46	56	7	3	11	209	182	219	116	164	206	206	182	193	102	21
Algeria	20	36	14	12	8	14	5	5	4	18	2	8	7	1	1	0	0	6	8	0	2	2	9	10	9	10	5	12	4	5	2	3	2	3	7	0	16	5	0	0	0	13	8	13	3	8	0	2	0	6	7	0	0	0	0	2	0	0	3	8	11	22	9	27	49	10	13	4	9	11	3	0	60	57	1	0	8	17	16	63	7	0	0	5	5	8	1	0	0	11	0	0	0	0	0	0	0	0	0	0	0	0	0	0	0	0	0	0	76	28	31	0	35	0	34	51	3	33	40	15	20	22	27	1	2	0	15	0	28	3	21	5	23	29	20	75	41	62	18	5	23	173	164	179	118	141	170	161	159	147	103	46
Angola	9	18	10	3	12	6	0	3	6	15	0	3	4	4	1	0	0	3	9	0	5	0	11	4	0	6	15	2	1	5	0	0	1	0	0	5	11	2	0	0	0	2	0	4	0	11	0	1	0	4	9	0	0	0	0	0	3	0	0	5	13	22	6	10	17	6	1	1	2	4	7	5	57	37	9	3	23	9	11	32	1	0	0	0	3	3	0	0	0	5	5	0	0	0	0	0	0	0	0	0	0	0	0	1	0	0	0	0	47	16	12	6	18	0	17	21	4	20	26	6	12	5	18	2	1	2	14	4	12	0	16	3	9	26	10	50	19	26	17	2	19	111	97	99	106	93	99	88	95	95	45	38
Antigua and Barbuda	2	11	5	1	10	1	1	1	5	14	2	1	4	2	1	0	0	2	4	0	1	0	2	1	0	6	6	0	1	5	0	0	0	1	0	5	4	3	0	0	0	2	0	0	0	10	0	0	0	2	4	0	0	0	0	0	1	0	0	2	4	16	2	7	6	6	0	1	1	8	7	3	32	26	4	0	15	8	7	12	1	0	0	0	0	2	0	0	0	4	2	0	0	0	0	0	0	0	0	0	0	0	0	1	0	0	0	0	35	8	5	5	9	1	5	12	5	16	15	4	7	2	6	4	1	3	5	2	12	0	9	0	10	15	10	35	8	12	9	0	9	68	53	63	62	52	63	53	55	70	20	18
Argentina	39	62	39	16	2	23	4	9	4	7	9	6	6	0	0	0	0	1	18	1	0	0	40	28	3	11	11	8	11	11	1	8	2	8	7	0	38	1	0	1	0	9	0	11	2	0	0	4	1	5	2	0	0	0	0	0	0	0	14	14	19	24	23	12	89	10	20	5	8	11	6	0	62	56	0	0	15	33	18	115	4	0	1	5	4	9	3	1	1	5	0	2	0	0	0	0	0	0	0	0	0	0	0	0	0	0	0	0	91	30	50	10	63	0	39	97	12	42	47	31	36	33	31	10	4	4	16	2	21	6	33	3	40	45	5	92	64	79	32	1	35	246	223	255	118	216	244	237	230	182	143	68
Australia	311	545	264	112	37	143	25	41	74	37	54	48	22	1	0	0	0	7	62	0	0	0	273	225	38	80	108	66	61	94	25	21	22	131	10	0	320	14	1	8	0	31	15	64	8	3	0	29	7	63	9	0	0	0	1	0	0	0	66	56	257	166	206	164	605	78	77	12	45	83	6	0	328	298	1	0	94	191	100	913	45	0	2	19	49	16	12	16	1	18	0	9	3	0	0	0	0	0	0	0	0	0	0	0	0	0	0	0	731	271	374	30	387	5	304	611	33	300	432	218	242	294	267	33	23	8	71	29	185	36	268	16	293	233	76	620	562	636	261	17	274	1783	1727	1821	627	1488	1798	1680	1690	1222	1198	552
Austria	52	120	55	24	12	34	9	10	6	4	13	12	3	0	0	0	0	0	17	0	0	1	42	31	9	10	30	19	10	31	6	7	5	27	5	0	50	2	0	1	0	7	3	22	5	2	0	10	3	17	2	0	0	0	0	0	0	0	15	24	59	54	27	40	107	10	26	6	6	7	3	0	55	54	0	0	14	52	21	194	3	0	1	4	5	9	2	1	0	6	0	2	0	0	0	2	0	0	0	0	0	0	0	0	0	0	0	0	167	48	69	18	76	1	46	136	18	76	87	39	30	47	46	17	4	2	26	6	54	16	44	10	51	81	15	149	105	116	40	12	51	372	356	384	109	316	379	363	341	296	221	103
Bahrain	8	18	12	8	0	7	2	0	1	4	2	4	0	0	1	0	0	0	2	0	0	0	14	7	1	3	5	4	3	10	3	0	0	6	0	1	2	0	0	0	0	0	1	3	0	0	0	1	0	0	0	0	0	0	1	0	0	0	2	4	9	12	3	4	23	3	4	0	5	0	1	0	20	18	1	0	3	10	7	29	2	0	0	1	2	1	0	0	0	1	0	2	0	0	0	0	0	0	0	0	0	0	0	0	0	0	0	0	40	5	11	1	12	0	11	14	1	13	24	6	10	7	5	0	0	2	3	0	7	1	17	1	10	12	2	24	15	17	17	4	21	69	65	70	39	58	69	63	59	48	32	42
Bangladesh	82	38	31	104	1	53	0	4	4	3	4	7	77	0	0	0	0	0	23	0	0	1	31	5	9	1	84	4	11	36	19	12	0	19	0	0	73	0	0	0	0	1	3	12	29	0	1	7	0	39	15	0	0	0	0	0	0	0	16	7	33	56	2	67	141	66	59	9	21	3	0	0	187	164	0	13	11	79	16	126	5	0	4	10	0	60	5	0	0	3	0	4	0	11	0	0	16	11	0	0	0	0	0	0	0	0	0	0	197	145	44	1	25	57	94	166	3	116	79	14	9	16	147	1	4	39	8	62	15	14	92	1	7	35	66	122	174	190	57	6	65	432	411	480	364	361	469	458	422	230	364	128
Barbados	30	95	38	6	50	12	0	6	14	77	10	7	47	20	16	0	0	15	50	0	39	8	45	16	2	5	78	13	4	23	2	3	2	8	1	32	35	28	0	0	0	6	6	13	0	76	0	0	2	18	25	0	0	0	0	4	10	0	4	14	47	117	18	39	101	17	11	12	1	66	39	14	370	294	43	1	192	41	23	103	2	0	0	1	14	24	2	1	0	30	21	0	1	0	0	0	0	1	0	0	0	0	0	10	0	0	0	8	227	53	58	93	82	2	64	134	61	84	131	42	80	21	54	56	21	4	57	14	75	4	62	9	93	110	44	258	76	114	66	9	73	540	457	500	708	474	515	474	499	505	190	148
Belgium	58	86	52	18	6	30	3	5	16	3	7	7	3	0	0	0	0	3	10	0	0	0	45	37	4	8	25	17	16	24	5	3	6	12	3	0	33	1	0	1	0	2	3	14	3	1	0	3	0	13	3	0	0	0	0	0	0	0	16	12	31	35	21	31	109	8	15	5	7	14	3	0	51	47	0	0	16	38	17	153	4	0	0	5	10	7	1	2	0	3	0	1	0	0	0	0	0	0	0	0	0	0	0	0	0	0	0	0	133	42	37	7	76	2	46	96	7	48	86	41	42	29	41	8	3	1	25	2	49	6	43	1	56	66	14	138	64	81	37	1	41	307	282	307	98	257	297	283	291	274	145	79
Bosnia and Herzegovina	13	20	7	8	1	13	4	2	0	1	2	3	2	0	0	0	0	0	4	0	0	0	3	11	2	2	8	9	2	6	1	2	1	1	3	0	4	1	0	0	0	0	1	11	2	0	0	0	1	2	0	0	0	0	0	0	0	0	3	4	11	8	3	7	20	2	12	1	4	2	0	0	15	15	0	0	8	9	1	44	0	0	0	2	0	2	1	0	0	0	0	0	0	0	0	0	0	0	0	0	0	0	0	0	0	0	0	0	28	5	8	3	32	0	17	32	4	15	12	6	14	8	5	2	0	1	13	3	8	1	6	5	14	29	2	44	13	14	5	7	12	80	73	77	30	67	76	80	72	89	27	24
Brazil	58	112	67	25	22	49	6	14	25	27	13	30	18	7	3	0	0	6	21	0	5	0	42	34	8	34	37	21	12	47	4	6	7	21	5	6	63	14	0	0	0	12	14	30	2	11	2	1	2	14	16	0	0	0	0	0	1	0	13	25	49	87	33	49	137	35	25	11	14	32	9	4	166	149	2	3	42	60	27	188	16	0	0	11	13	14	8	3	1	16	3	4	0	0	0	0	0	0	0	0	0	0	0	1	0	0	0	1	208	85	83	18	113	0	79	173	22	80	113	37	49	58	85	17	5	8	48	8	71	9	51	15	71	115	32	222	139	170	48	17	65	508	466	523	320	408	507	467	461	440	309	130
Bulgaria	15	41	11	8	7	20	2	5	4	2	2	6	5	0	0	0	0	1	3	1	0	0	5	9	3	6	6	12	10	12	1	2	3	5	1	0	20	0	0	0	0	3	1	19	2	1	0	2	3	1	1	0	0	0	0	0	0	0	7	21	10	19	6	6	29	6	16	3	10	4	0	0	30	28	0	0	6	23	3	55	2	0	0	2	2	5	2	1	0	3	0	0	0	0	0	0	0	0	0	0	0	0	0	0	0	0	0	0	68	10	10	2	34	0	14	48	2	45	21	15	9	6	10	2	0	2	26	0	18	1	9	20	17	42	7	69	19	22	5	22	26	133	128	137	58	104	124	130	118	135	41	53
Cameroon	6	22	3	0	9	2	0	2	13	14	1	1	3	4	2	0	0	5	12	0	3	0	12	4	3	1	9	3	1	4	0	1	1	0	0	6	10	5	0	0	0	6	0	1	0	5	0	1	0	4	11	0	0	0	0	0	2	0	1	2	6	14	4	17	31	3	2	4	1	3	6	2	48	28	10	1	19	8	7	31	1	0	0	0	1	1	0	0	0	6	10	0	0	0	0	0	0	1	0	0	0	0	0	1	0	0	0	0	52	9	13	13	12	0	12	27	9	19	30	7	15	2	9	7	0	0	7	8	18	2	18	0	17	23	6	54	12	13	21	0	22	102	90	96	87	86	99	97	93	100	25	43
Canada	280	440	189	92	26	108	15	26	57	28	38	43	12	2	0	0	0	4	37	1	2	0	209	192	20	44	89	51	61	78	20	21	15	92	9	1	241	7	3	2	1	20	11	59	8	4	0	23	4	62	10	0	0	0	0	0	0	0	59	53	188	141	166	121	483	45	56	16	29	68	6	0	261	244	2	0	79	129	92	723	31	0	2	17	29	22	6	6	5	15	0	10	4	0	0	3	0	0	0	0	0	0	0	0	0	0	0	0	579	207	261	29	323	2	247	477	31	226	339	168	210	194	202	32	13	10	67	20	158	24	206	16	249	209	60	529	418	469	207	18	224	1400	1357	1431	507	1173	1401	1320	1320	1047	887	449
Caribbean	319	841	415	108	536	147	13	54	106	696	56	60	427	181	159	0	0	130	520	0	324	38	417	158	35	107	596	145	35	349	19	26	42	82	29	280	343	205	4	1	3	128	38	44	38	597	0	21	2	198	375	0	0	0	0	27	81	0	50	125	446	1124	150	370	1112	203	146	96	54	444	341	158	3192	2532	375	19	1537	403	221	1093	42	0	7	14	113	199	26	14	0	276	232	9	0	6	0	1	9	2	0	1	1	0	0	66	0	0	0	77	2441	579	426	518	911	25	729	1158	326	1062	1279	371	636	168	498	354	91	96	527	185	765	64	789	64	703	1121	492	2508	661	898	748	70	864	5130	4425	4819	6118	4349	4900	4554	4608	4824	1559	1682
Central African Republic	6	18	4	9	2	3	1	3	4	4	3	3	6	2	2	0	0	2	6	0	2	0	7	5	1	0	1	1	0	10	1	2	0	1	2	4	9	1	0	1	0	0	3	4	4	4	0	0	0	7	5	0	0	0	0	0	2	0	1	0	4	15	5	11	21	0	6	1	2	5	6	4	37	33	0	1	16	5	3	29	0	0	1	1	0	4	0	0	0	2	0	0	0	0	0	0	0	0	0	0	0	0	0	0	0	0	0	0	33	11	8	7	20	0	14	23	4	19	17	5	9	5	9	6	0	4	6	0	8	4	11	0	12	14	5	37	15	18	6	1	4	80	75	81	71	61	79	77	67	68	33	11
Channel Islands	38	59	31	20	8	22	3	4	12	9	7	7	4	0	0	0	0	0	4	0	0	0	35	30	5	5	11	15	12	13	3	2	1	16	0	0	40	3	0	0	0	5	1	6	2	0	0	4	0	7	1	0	0	0	0	0	0	0	8	13	28	20	24	21	87	5	10	1	6	9	0	0	37	35	0	0	12	28	16	115	1	0	2	3	7	1	0	2	0	3	0	0	0	0	0	0	0	0	0	0	0	0	0	0	0	0	0	0	98	24	44	6	61	0	44	79	6	40	53	20	37	31	24	5	5	1	10	3	19	9	38	7	36	46	6	88	60	66	37	6	44	228	217	232	72	190	233	222	209	176	126	87
Chile	18	38	15	7	7	17	1	2	7	6	13	4	5	0	0	0	0	0	16	0	0	0	19	8	2	8	5	13	4	6	1	2	2	5	2	1	21	1	0	1	0	7	2	14	0	2	0	3	0	5	2	0	0	0	0	0	0	0	4	10	14	19	14	12	57	8	10	1	6	9	2	1	41	39	1	0	8	21	7	80	4	0	1	2	6	4	3	1	0	6	1	1	0	1	0	0	0	0	0	0	0	0	0	0	0	0	0	0	55	23	33	11	42	0	22	71	11	26	27	17	17	16	21	11	3	2	14	3	20	6	10	3	23	36	8	67	42	53	11	1	12	156	136	167	81	146	164	157	143	134	95	24
China	33	138	14	165	4	105	2	13	14	45	15	7	79	1	0	0	7	0	7	0	1	0	23	14	78	5	73	3	19	19	8	25	5	99	0	0	35	2	73	0	17	4	3	39	7	0	26	4	0	12	64	0	0	0	0	0	0	0	132	6	186	55	13	65	133	92	34	35	41	4	0	0	512	476	0	9	4	153	18	123	275	0	4	2	4	36	10	1	1	19	0	10	0	15	0	0	0	1	0	0	0	0	0	0	0	0	0	0	265	67	207	6	140	75	83	341	53	107	155	15	61	73	67	41	104	12	44	97	39	23	92	14	35	139	89	296	219	287	103	10	112	650	657	796	997	676	760	739	682	559	506	225
Colombia	48	103	26	21	15	92	7	11	18	28	15	15	18	2	3	0	0	3	27	0	3	0	35	22	5	31	28	33	5	45	3	10	9	7	3	4	51	9	0	0	3	10	3	16	5	10	0	2	2	8	8	0	0	0	0	1	0	0	39	11	37	80	42	23	111	35	29	2	14	25	6	0	144	133	4	0	28	53	16	219	5	0	0	4	11	18	38	1	0	16	2	2	0	0	0	0	0	0	0	0	0	0	0	1	0	0	0	1	174	57	101	31	89	0	57	170	33	71	98	48	46	60	57	25	8	4	22	2	56	18	46	15	65	79	16	173	139	154	44	4	49	455	368	454	281	415	452	429	407	333	293	97
Congo	11	55	15	1	51	8	0	4	12	67	1	6	19	8	17	0	0	9	21	0	18	1	31	9	5	13	36	8	0	14	0	1	0	2	6	18	12	13	0	1	0	7	8	5	0	36	0	0	0	9	27	0	0	0	0	1	14	0	2	4	19	60	10	32	79	17	3	5	3	19	27	18	183	104	43	10	74	40	12	91	1	0	1	0	1	16	0	3	0	4	15	0	0	0	0	0	0	0	0	0	1	0	0	3	0	0	0	0	159	25	28	26	54	0	43	64	14	64	98	19	35	10	35	15	3	3	48	13	34	5	55	2	38	83	23	154	33	52	59	1	62	324	276	298	340	262	292	283	277	298	85	122
Croatia	9	24	14	3	1	11	3	6	2	4	1	4	0	0	0	0	0	1	3	0	0	0	5	5	8	1	3	8	2	10	1	4	1	2	0	0	5	1	0	0	0	4	0	11	0	0	0	1	0	1	0	0	0	0	0	0	0	0	5	4	5	14	2	11	22	2	12	3	3	4	0	0	19	19	0	0	1	12	3	33	0	0	0	3	0	1	1	0	0	4	0	1	0	0	0	0	0	0	0	0	0	0	0	0	0	0	0	0	44	8	5	1	24	0	8	31	1	26	16	10	5	3	8	1	0	3	13	0	12	4	7	8	7	32	4	46	14	17	7	9	16	86	73	87	38	59	82	82	74	89	31	32
Cyprus	93	146	76	50	13	60	5	14	24	21	12	40	19	1	0	0	0	2	25	8	1	0	55	63	15	34	32	26	13	48	4	10	10	25	16	0	73	7	0	1	1	14	11	31	13	3	0	22	1	16	7	0	0	0	4	0	0	0	13	29	74	87	44	53	162	35	65	7	24	30	9	0	129	111	4	0	22	103	46	269	7	0	2	12	13	9	8	4	0	15	0	0	0	0	0	0	0	0	0	0	0	0	0	0	0	0	0	0	264	74	105	5	163	2	107	231	6	160	100	60	82	61	72	6	7	13	49	10	55	14	63	47	78	156	15	263	144	188	54	48	109	610	555	632	244	510	613	604	539	512	332	211
Czech Republic	39	72	36	19	8	23	6	12	3	5	3	5	0	0	0	0	0	1	10	0	0	0	24	18	8	9	15	15	11	24	7	14	2	7	4	0	32	2	0	1	0	3	2	11	4	1	0	1	1	8	1	0	0	0	0	0	0	0	9	14	17	41	15	27	65	8	35	1	7	5	2	0	52	42	2	0	7	32	5	125	7	0	0	3	4	7	3	3	1	3	0	3	0	0	0	0	3	0	0	0	0	0	0	0	0	0	0	0	104	32	40	3	67	0	30	98	3	44	54	25	22	26	34	3	3	7	28	3	31	5	31	7	38	47	8	95	66	77	29	9	39	242	225	246	96	206	246	229	225	188	143	77
Denmark	77	130	78	23	10	35	16	9	11	3	14	24	1	0	0	0	0	0	19	0	0	0	62	58	9	9	31	14	18	30	5	5	8	43	2	0	73	4	0	4	0	5	3	17	5	0	0	2	0	21	3	0	0	0	0	0	0	0	8	25	73	50	48	44	149	10	23	8	4	11	2	0	68	66	1	0	28	47	30	242	7	0	2	5	3	4	3	1	1	6	0	2	0	0	0	0	0	0	0	0	0	0	0	0	0	0	0	0	183	59	89	8	108	2	72	171	9	64	117	52	62	62	58	10	12	2	26	11	59	8	64	2	82	67	24	172	135	151	61	2	64	450	431	455	135	381	449	433	428	345	286	127
Ecuador	3	21	5	4	1	13	0	1	2	1	4	2	4	0	0	0	0	0	6	0	0	0	2	0	0	9	2	3	1	2	0	0	0	0	2	1	3	3	0	0	2	3	1	5	1	1	0	0	0	1	1	0	0	0	0	0	0	0	3	0	2	15	3	3	15	11	2	1	7	5	2	0	17	17	0	0	1	6	9	38	0	0	0	2	0	2	6	0	0	2	0	0	0	0	0	1	0	0	0	0	0	1	0	0	0	0	0	0	20	6	14	6	10	0	4	38	6	11	9	7	2	4	6	6	5	3	3	1	7	7	4	4	16	7	4	32	18	22	3	0	2	67	43	69	34	68	56	68	59	59	40	5
Egypt	91	146	73	45	16	49	8	16	21	36	10	24	17	1	2	0	0	5	29	4	2	1	48	46	23	30	32	31	16	40	7	23	5	19	25	5	70	4	0	2	0	22	18	22	16	5	0	5	0	14	14	0	0	0	2	0	0	0	8	22	42	74	52	62	176	30	67	8	18	25	25	1	141	129	4	0	34	86	36	255	12	0	1	2	9	15	5	2	1	23	0	4	0	0	0	1	0	0	0	0	0	0	0	0	0	0	0	0	231	61	111	9	174	3	97	232	13	98	132	55	75	71	60	14	3	10	56	11	87	14	62	6	91	146	32	274	128	167	54	10	67	596	544	610	274	486	589	572	524	543	295	131
England	143104	209165	109206	45092	13757	54118	10883	14085	32150	16647	19912	26286	6418	833	182	0	0	2412	27759	307	628	106	109523	104588	14677	27436	48679	27304	28702	40158	9934	6506	9443	47159	4422	448	126252	4727	74	2327	143	8755	6546	27401	4370	2421	15	13371	2016	29700	4430	3	0	0	115	33	79	3	25776	27381	100718	65234	83772	67857	260265	27428	27766	7201	13464	34908	2952	259	146522	135527	618	54	45407	76223	47631	367460	14937	4	1495	11126	19056	11140	5100	5275	1278	9028	278	3957	585	22	0	645	150	17	0	1	4	8	0	86	0	0	0	106	291981	108800	150518	15381	167759	2073	133790	250857	15686	114547	172743	85165	109443	111875	108729	16481	9977	4547	30842	10915	73370	14406	109918	4592	122769	102476	29064	259893	233351	258641	106667	5709	112874	733050	711760	744981	282721	621019	736512	687623	690260	514202	491992	225250
Eritrea	11	22	9	2	4	4	0	0	3	13	1	5	2	1	0	0	0	1	18	1	2	0	10	1	1	3	5	3	0	4	1	0	1	1	9	0	2	0	0	1	0	13	3	3	1	2	0	3	0	2	3	0	0	0	0	1	0	0	2	2	9	7	1	9	37	3	4	1	4	7	7	2	41	17	5	0	2	7	7	32	0	0	0	1	0	1	1	4	0	4	0	0	0	0	0	0	0	0	1	0	0	0	0	0	0	0	0	0	51	5	21	6	14	0	19	22	7	12	32	5	12	10	7	6	1	6	3	0	25	1	6	0	4	18	16	41	16	27	15	0	15	99	73	95	63	60	97	92	82	79	43	30
Ethiopia	10	40	18	7	3	7	0	0	3	13	2	2	7	2	0	0	0	7	13	0	1	0	8	7	8	8	2	2	8	2	1	1	1	1	16	0	6	1	0	2	0	9	8	4	0	2	0	0	0	7	3	0	0	0	2	0	0	0	3	6	5	16	2	26	45	9	2	1	9	4	13	5	46	28	3	1	6	22	11	36	0	0	0	0	0	6	5	7	0	8	0	0	0	0	0	0	0	0	0	0	0	0	0	0	0	0	0	0	49	34	21	6	30	0	40	34	4	23	25	21	17	13	33	5	0	2	5	4	19	0	12	0	13	22	12	49	43	57	16	0	16	135	109	146	78	101	140	126	131	96	100	32
Fiji	9	10	8	8	1	12	0	3	2	2	3	1	3	3	0	0	0	0	4	0	0	0	11	5	0	0	3	1	1	6	1	1	0	5	0	0	7	0	0	0	0	0	0	3	2	0	0	2	0	5	1	0	0	0	0	0	0	0	4	1	2	16	1	7	21	2	6	1	6	3	0	0	23	21	0	1	2	12	1	20	4	0	1	2	0	5	2	0	0	0	0	0	0	0	0	0	1	0	0	0	0	0	0	0	0	0	0	0	35	13	7	0	14	0	11	18	0	13	21	4	8	4	13	1	1	3	2	1	6	3	14	0	6	15	1	21	21	24	10	0	11	69	54	70	45	50	69	63	60	43	45	21
Finland	27	102	87	12	0	24	1	6	1	1	8	12	0	0	0	0	0	0	23	0	0	0	46	28	15	1	37	12	23	49	4	3	6	22	0	0	21	0	0	1	0	0	1	14	0	0	0	1	6	3	0	0	0	0	0	0	0	0	19	14	64	56	12	23	93	1	10	1	10	2	0	0	32	32	0	0	19	41	21	175	4	0	0	0	2	0	3	1	0	2	0	1	0	0	0	0	0	0	0	0	0	0	0	0	0	0	0	0	151	20	57	27	49	0	38	84	27	67	81	59	30	30	20	24	18	2	9	6	36	1	52	4	49	27	10	86	68	75	49	4	53	304	293	305	64	269	304	297	291	172	143	106
France	223	433	248	105	51	171	24	50	87	42	52	49	29	3	2	0	0	8	63	5	0	1	176	143	44	85	121	82	46	111	18	31	26	75	12	1	256	6	0	1	0	31	25	105	18	14	1	26	6	48	12	0	0	0	0	0	0	0	61	88	179	217	141	137	456	81	119	27	48	107	10	0	377	356	3	0	85	213	108	736	46	0	4	29	56	38	20	10	3	19	0	9	0	0	0	2	2	0	0	0	0	0	0	0	0	0	0	1	688	251	252	43	404	3	243	559	46	292	373	164	194	172	253	43	10	12	134	18	205	54	198	47	218	371	83	692	441	506	191	48	243	1646	1520	1671	736	1381	1641	1513	1504	1364	947	482
Gambia	10	8	3	0	13	3	2	4	5	10	0	1	6	1	2	0	0	2	8	0	3	1	4	1	0	2	11	0	1	6	1	0	0	0	0	2	0	1	0	0	0	4	2	2	1	14	0	0	0	1	5	0	0	0	0	3	0	0	2	1	12	12	0	9	15	2	3	0	1	9	4	1	56	51	4	0	20	4	5	9	0	0	0	0	2	8	0	0	0	18	1	0	0	0	0	0	0	0	0	0	0	0	0	1	0	0	0	1	26	3	12	2	34	0	11	36	2	15	8	4	8	4	3	2	3	4	14	1	16	1	2	1	8	29	11	49	7	16	4	1	5	82	61	71	111	69	77	72	63	97	23	10
Germany	713	1160	652	229	85	341	79	123	157	99	112	131	38	1	0	0	0	22	158	2	3	0	608	527	113	118	303	156	163	284	57	80	51	275	30	1	592	27	1	9	0	54	34	168	36	12	0	74	26	147	18	0	0	0	1	0	0	0	134	204	573	450	346	395	1425	120	249	41	70	151	15	1	785	716	3	1	229	431	259	2065	82	0	12	63	80	74	23	27	7	44	0	25	5	0	0	9	2	1	0	0	0	0	0	0	0	0	0	0	1721	567	737	107	972	6	703	1409	116	655	1035	420	556	543	565	108	39	30	259	67	451	107	659	62	679	696	158	1577	1171	1305	625	70	694	4105	3965	4174	1505	3438	4110	3918	3866	3110	2476	1389
Ghana	78	338	161	6	208	9	0	9	35	294	6	7	181	64	41	0	0	25	178	0	110	28	167	40	0	36	208	42	6	142	1	2	4	11	5	132	95	70	1	1	0	28	19	14	1	288	0	1	0	119	54	0	0	0	0	9	2	0	5	47	136	521	26	43	305	68	17	44	3	224	147	84	1446	1191	162	0	834	65	54	265	4	0	0	1	21	70	16	1	1	108	30	0	1	0	0	1	0	0	0	0	0	0	0	28	0	0	0	68	772	161	140	290	295	0	239	447	169	374	328	149	250	42	163	190	56	36	143	16	265	13	218	70	352	261	151	840	191	296	219	69	307	1778	1498	1670	2799	1568	1658	1557	1611	1604	487	595
Gibraltar	22	38	15	8	7	16	2	8	11	6	2	6	2	0	0	0	0	1	5	0	0	1	16	19	2	9	12	6	4	5	0	3	1	9	1	0	24	2	0	0	0	6	3	7	0	1	0	4	1	6	1	0	0	0	0	0	0	0	7	2	24	15	16	12	47	9	8	1	0	10	0	0	34	32	0	0	8	24	5	61	4	0	0	2	5	3	2	1	0	1	0	2	0	0	0	0	0	0	0	0	0	0	0	0	0	0	0	0	59	28	21	4	38	0	29	44	4	21	37	9	22	15	28	4	0	0	6	1	23	5	16	4	22	33	14	72	45	49	15	4	19	150	142	151	66	118	150	135	133	141	94	38
Greece	26	61	22	18	11	37	1	11	8	3	2	18	5	0	0	0	0	1	24	0	0	0	9	11	7	7	2	19	11	24	6	6	6	12	7	0	23	1	0	0	0	12	4	25	3	3	0	8	0	5	1	0	0	0	1	0	0	0	10	23	14	51	11	23	55	7	27	6	13	13	6	0	49	43	1	0	9	35	6	122	0	0	0	4	1	8	4	2	0	6	0	1	0	0	0	0	0	0	0	0	0	0	0	0	0	0	0	0	111	20	19	3	84	4	33	100	3	77	28	29	25	10	19	5	2	3	39	3	20	14	12	22	18	105	10	137	30	43	8	31	40	248	213	259	93	198	241	241	203	270	73	79
Hong Kong	81	217	46	290	9	168	8	24	25	22	12	21	112	2	0	0	2	0	18	0	1	0	63	55	87	13	115	15	34	41	5	52	14	118	1	0	91	6	139	0	20	5	10	65	13	0	18	10	2	22	89	0	0	0	0	0	0	0	211	13	246	78	46	62	312	133	66	43	37	20	1	0	712	638	0	38	28	199	45	262	356	0	4	5	9	57	20	2	0	20	0	16	1	26	0	0	1	2	0	0	0	0	0	0	0	0	0	0	477	106	316	11	206	96	147	497	56	228	256	42	115	123	102	66	169	17	43	116	64	41	163	40	74	212	123	449	361	430	170	21	200	1058	1103	1268	1388	1053	1212	1184	1101	858	791	391
Hungary	33	53	21	9	7	20	8	8	5	4	1	12	5	0	0	0	0	2	10	3	0	0	15	19	3	9	11	13	8	14	4	14	2	13	3	0	31	0	0	0	1	3	2	9	2	0	0	3	1	7	2	0	0	0	0	0	0	0	6	14	20	26	13	18	53	9	26	1	3	7	2	0	39	34	0	0	12	33	14	89	1	0	0	3	3	7	0	2	0	3	0	0	0	0	0	0	0	0	0	0	0	0	0	0	0	0	0	0	86	22	21	8	63	1	41	60	9	43	39	21	30	16	20	9	1	3	20	3	29	5	15	13	35	52	11	104	36	44	12	13	27	201	189	198	73	167	201	192	185	202	80	52
India	1217	966	666	937	128	861	28	372	115	140	186	308	695	4	0	0	0	16	492	1	8	1	593	604	193	82	389	166	135	640	237	78	31	445	73	0	698	15	14	12	34	70	189	517	468	11	1	111	49	361	289	0	0	0	1	0	0	0	282	104	609	1030	233	976	2099	213	945	205	694	271	56	4	2563	2399	1	16	181	1108	295	2799	95	0	107	90	33	416	116	53	15	192	1	11	2	4	0	2	324	13	0	0	0	0	0	0	0	0	0	0	3609	1218	903	83	1585	121	1414	2162	119	1558	2015	358	906	432	1213	108	82	420	447	163	799	299	1396	32	562	1831	389	2913	1797	2111	762	71	827	7141	6506	7721	4979	5857	7519	7268	6655	5695	3908	1660
Indonesia	10	27	10	16	1	18	0	1	3	2	2	4	9	2	0	0	0	0	0	0	0	0	12	7	4	0	13	2	4	6	0	8	3	10	0	0	7	0	5	0	0	1	0	5	0	1	2	0	1	3	5	0	0	0	0	0	0	0	13	3	15	19	2	4	45	9	1	2	1	3	0	0	58	54	0	2	2	18	3	25	23	0	0	0	0	12	2	1	0	0	0	0	0	0	0	0	0	2	0	0	0	0	0	0	0	0	0	0	52	6	26	1	22	13	15	46	7	26	25	2	12	13	6	6	9	2	8	15	7	3	21	2	8	19	17	50	23	31	13	3	15	105	99	117	114	88	120	119	106	94	54	31
Iran	119	166	118	97	27	122	4	53	25	52	15	70	43	3	0	0	3	6	48	4	1	0	53	39	40	38	29	55	19	105	10	45	3	27	32	2	60	4	2	1	2	36	39	93	63	9	6	21	3	11	12	0	0	0	6	0	1	0	50	27	43	201	12	105	174	39	181	38	55	61	29	0	239	221	4	0	12	179	52	409	16	0	2	9	2	34	14	6	0	31	0	4	0	0	0	0	2	0	0	0	0	0	0	0	0	0	0	0	422	99	150	13	287	6	171	384	15	202	207	69	108	88	99	19	6	23	123	17	117	43	123	22	79	339	52	494	157	247	59	56	119	976	866	1015	464	772	977	979	857	964	404	234
Iraq	68	124	81	38	19	80	1	48	21	38	6	39	21	1	0	0	0	2	27	4	0	0	29	33	12	20	20	47	8	41	3	28	3	19	47	4	59	6	1	0	1	27	40	56	22	6	0	14	0	5	8	0	0	0	2	0	0	0	19	18	33	95	15	69	120	21	97	23	37	49	45	0	124	108	2	0	16	92	36	270	8	0	1	7	1	12	4	4	3	16	0	5	0	0	0	1	2	0	0	0	0	0	0	0	0	0	0	0	200	65	85	7	260	1	128	289	11	106	89	32	88	60	65	11	3	22	116	5	66	20	39	12	40	290	27	369	101	157	18	16	31	618	561	641	234	478	618	623	539	726	258	65
Israel	24	36	21	13	5	14	4	14	5	5	2	6	2	0	0	0	0	3	5	5	0	0	9	11	4	9	9	9	8	11	2	19	1	6	7	0	12	0	0	0	0	2	5	5	9	2	0	4	1	4	3	0	0	0	0	0	0	0	9	9	9	26	3	15	33	9	40	2	3	6	3	0	34	25	2	0	4	18	13	70	1	0	1	0	2	6	0	3	0	4	0	0	0	0	0	1	0	0	0	0	0	0	0	0	0	0	0	0	56	21	21	2	58	2	26	77	2	26	30	14	15	14	21	3	1	1	28	3	18	4	14	3	18	58	10	84	36	44	8	2	10	164	152	167	61	123	160	161	139	170	80	20
Italy	211	380	188	73	42	178	19	66	42	91	44	89	34	5	0	0	0	9	54	6	2	0	104	96	59	56	79	140	33	169	27	45	21	40	26	1	133	5	0	4	2	56	39	121	19	7	0	18	1	50	29	0	0	0	1	0	0	0	53	64	94	290	92	183	421	56	163	35	58	66	23	0	340	311	0	0	52	218	139	628	16	0	2	46	20	48	15	9	1	51	1	10	0	1	0	2	0	0	0	0	0	0	0	0	0	0	0	0	602	228	165	35	499	6	250	624	35	338	245	139	163	91	228	39	11	26	208	19	163	72	122	64	136	542	86	776	321	404	107	58	173	1533	1381	1598	651	1259	1535	1492	1345	1540	725	338
Ivory Coast	3	9	3	0	5	0	0	0	1	10	0	3	10	1	0	0	0	1	8	0	4	1	6	2	0	3	6	2	1	6	1	0	0	0	2	4	0	2	0	0	0	1	1	0	0	9	0	0	0	0	2	0	0	0	0	1	0	0	0	2	3	17	3	2	10	4	0	1	0	8	7	0	53	45	4	0	29	2	1	6	0	0	0	0	0	0	3	1	0	6	0	0	0	0	0	0	0	0	0	0	0	0	0	0	0	0	0	4	24	7	5	11	5	0	8	15	4	9	12	5	4	1	9	10	1	0	3	0	11	0	4	4	9	7	8	27	11	15	4	2	6	59	49	57	102	52	52	48	52	51	26	12
Japan	7	89	4	36	0	180	0	28	6	3	32	1	48	1	0	0	2	0	0	0	1	0	49	6	9	0	34	1	3	23	1	3	14	32	0	0	46	2	18	0	10	0	0	39	46	1	33	1	3	3	8	0	0	0	0	0	0	0	77	2	114	23	2	10	104	28	47	70	8	4	0	0	299	289	0	2	2	119	13	72	179	0	1	0	4	9	1	0	0	3	0	3	0	0	0	0	0	0	0	0	0	0	0	0	0	0	0	0	245	11	147	11	40	13	11	183	60	79	171	41	9	62	10	55	68	3	11	24	35	23	93	1	31	41	45	135	95	167	44	5	49	438	385	489	590	406	467	504	435	252	262	98
Kenya	515	441	288	370	60	331	12	136	62	86	95	141	236	3	6	0	0	16	231	3	27	1	227	230	71	41	176	107	54	246	96	32	11	221	28	14	308	21	0	3	9	29	61	178	199	18	0	34	16	178	132	0	0	0	2	0	8	0	81	53	293	415	129	437	841	80	394	70	259	115	38	9	1080	985	24	3	119	485	114	1154	40	0	44	38	24	158	37	25	1	69	10	3	1	2	0	2	114	1	0	0	0	0	0	0	0	0	0	0	1448	470	353	57	703	40	560	964	64	635	827	150	395	187	469	61	30	188	255	50	292	115	591	9	244	817	145	1266	701	826	318	24	339	3060	2750	3214	2092	2441	3071	3050	2792	2472	1527	681
Kuwait	15	13	8	7	2	4	0	2	3	2	1	3	1	0	0	0	0	0	0	0	0	0	5	9	3	1	5	0	4	3	0	1	0	3	0	0	9	0	0	0	0	0	2	2	1	0	0	2	0	4	0	0	0	0	1	0	0	0	5	1	7	6	2	8	17	2	4	0	2	8	0	0	13	11	0	0	1	6	0	33	1	0	0	0	3	3	1	0	0	0	0	0	0	0	0	0	0	0	0	0	0	0	0	0	0	0	0	0	23	12	11	1	9	1	8	25	1	12	10	8	4	10	12	1	0	2	5	3	5	1	7	0	6	8	3	20	21	23	4	0	4	61	55	62	24	48	57	56	58	37	44	8
Latvia	9	33	10	11	1	13	3	3	1	0	5	3	1	0	0	0	0	2	9	0	0	0	17	7	4	0	6	4	1	12	1	2	1	10	8	0	14	0	0	0	0	0	0	2	3	0	0	0	1	0	1	0	0	0	0	0	0	0	2	7	13	15	4	6	34	0	12	0	1	2	3	0	15	12	0	0	2	10	10	57	3	0	0	1	2	1	0	1	0	1	0	0	0	0	0	0	0	0	0	0	0	0	0	0	0	0	0	0	46	10	12	6	25	1	13	36	6	21	25	14	7	10	10	4	1	0	11	3	14	4	14	2	15	21	6	47	21	23	12	2	15	104	94	99	27	88	100	101	94	89	44	29
Lebanon	23	29	19	8	5	17	2	2	4	7	2	7	11	1	0	0	0	1	5	4	0	0	6	8	5	16	9	8	8	15	0	3	1	7	5	0	11	0	0	1	0	6	3	5	2	0	0	1	0	4	0	0	0	0	1	0	0	0	3	7	13	25	6	13	30	16	16	1	6	7	6	0	28	24	0	0	2	19	10	60	3	0	0	0	2	7	1	2	0	5	0	0	0	0	0	0	0	0	0	0	0	0	0	0	0	0	0	0	61	13	16	2	50	1	18	58	4	33	28	17	15	9	13	3	2	6	27	2	20	3	10	3	11	55	11	76	26	33	6	3	9	147	125	149	52	111	143	141	130	153	59	18
Libya	23	63	26	10	14	11	6	4	5	8	3	9	9	5	0	0	0	0	9	0	1	1	27	15	4	4	11	16	5	9	2	2	2	10	7	2	25	4	0	1	0	4	16	11	6	1	0	2	0	3	8	0	0	0	0	0	0	0	5	12	17	23	14	28	64	4	19	3	9	11	8	0	62	51	3	0	13	20	19	92	1	0	2	1	3	4	0	3	0	12	0	4	0	0	0	1	0	0	0	0	0	0	0	0	0	0	0	0	89	38	24	6	59	0	40	63	6	32	53	22	28	13	37	6	0	3	16	2	30	2	32	1	35	43	8	91	53	59	30	2	32	207	197	217	116	175	216	194	192	177	112	64
Lithuania	8	46	18	17	3	13	8	4	2	2	1	6	2	0	0	0	0	0	9	0	0	0	20	7	15	4	11	8	12	8	1	3	4	9	1	0	15	0	0	0	0	1	1	6	0	0	0	1	4	4	0	0	0	0	0	0	0	0	9	12	18	16	3	20	40	4	13	2	1	3	1	0	18	13	0	0	1	15	6	70	2	0	0	3	1	2	0	3	0	3	0	1	0	0	0	1	0	0	0	0	0	0	0	0	0	0	0	0	54	28	16	6	36	1	24	55	6	19	31	13	7	12	27	6	2	1	13	6	13	2	23	2	13	35	3	51	43	44	22	3	25	139	135	142	31	108	141	135	127	102	87	50
Malawi	23	47	14	20	6	22	2	7	4	12	3	4	13	0	3	0	0	2	16	0	3	0	23	18	6	9	11	6	1	17	4	5	2	13	5	3	17	2	0	0	1	2	5	5	8	4	1	6	2	6	11	0	0	0	0	0	2	0	6	3	26	24	11	25	60	10	22	2	7	5	5	2	63	52	6	0	15	32	11	87	2	0	1	1	1	10	4	2	0	1	4	0	1	0	0	0	5	0	0	0	0	0	0	0	0	0	0	0	104	25	26	6	53	3	41	60	5	47	54	13	29	18	26	6	4	9	17	6	20	12	35	1	21	41	12	88	45	51	26	3	29	201	195	208	121	177	217	207	196	162	96	58
Malaysia	125	235	103	261	4	166	6	27	21	13	22	34	99	9	0	0	1	1	24	0	0	1	105	72	61	17	102	20	43	70	20	41	20	150	6	0	80	7	70	4	9	8	11	56	18	1	16	17	4	38	79	0	0	0	0	0	0	0	137	26	243	118	46	102	366	93	72	34	47	16	1	0	603	554	0	20	36	208	55	340	271	1	11	6	10	58	26	5	1	17	0	5	0	15	0	0	11	2	0	0	0	0	0	0	0	0	0	0	519	103	295	25	241	77	164	497	62	232	288	63	129	141	102	71	96	30	55	93	100	30	173	24	96	228	115	483	309	400	178	14	191	1152	1145	1301	1177	1078	1260	1243	1107	922	709	383
Malta	117	199	98	29	18	54	4	20	27	34	15	29	10	2	0	0	0	3	31	0	1	0	90	68	22	24	41	47	22	47	13	10	10	31	3	0	106	4	0	2	1	21	16	27	15	4	0	13	1	21	5	0	0	0	0	0	0	0	13	32	76	83	68	76	232	23	48	8	23	33	2	0	126	113	0	0	29	96	48	323	13	0	1	10	8	13	4	3	1	8	0	2	1	0	0	0	0	0	0	0	0	0	0	0	0	0	0	0	284	105	123	14	172	2	114	236	22	119	161	57	83	82	107	16	3	10	61	5	80	14	93	21	84	142	44	269	200	232	79	25	105	691	664	717	239	560	700	652	632	539	432	209
Mauritius	79	80	47	107	7	116	3	20	8	22	10	22	84	3	2	0	0	2	50	1	3	0	45	16	17	6	68	21	14	66	19	6	3	57	0	5	61	8	14	0	8	2	5	25	48	10	5	9	5	33	41	0	0	0	0	1	4	0	44	11	82	100	13	74	180	45	106	14	64	25	5	4	311	273	8	7	34	117	20	212	49	0	5	4	4	42	16	7	0	6	3	3	0	3	0	0	21	5	0	0	0	0	0	0	0	0	0	0	362	121	92	15	110	40	120	221	22	166	193	25	57	31	123	16	19	45	35	41	52	36	172	1	37	143	52	251	180	213	101	8	102	666	622	767	599	551	740	722	653	483	393	211
Mexico	16	28	12	6	1	34	0	5	4	4	5	2	6	0	0	0	0	0	14	1	0	0	7	3	1	10	7	3	4	15	0	4	11	2	2	0	10	4	0	0	5	5	1	5	6	1	0	3	0	2	0	0	0	0	0	0	0	0	11	3	11	29	4	5	43	16	11	1	4	8	1	0	33	28	1	0	2	15	6	78	4	0	0	1	5	3	4	1	0	6	1	1	0	0	0	0	0	0	0	0	0	0	0	0	0	0	0	0	55	11	40	16	27	1	7	65	17	31	23	19	4	20	11	14	0	4	6	1	11	12	13	4	17	20	7	41	45	49	7	2	7	138	111	147	62	127	150	143	119	85	94	16
Morocco	24	38	18	11	7	20	1	4	6	14	1	9	8	1	1	0	0	0	12	3	0	1	11	8	0	7	8	9	4	14	1	5	5	3	2	1	23	3	0	0	0	12	14	12	2	5	0	1	0	5	6	0	0	0	0	1	0	0	1	11	3	32	12	26	43	8	14	6	9	9	2	0	61	51	1	0	16	16	25	52	7	0	0	1	2	5	0	3	0	15	0	2	0	0	0	0	0	0	0	0	0	0	0	0	0	0	0	0	63	31	26	6	53	0	30	63	7	17	40	9	25	19	31	9	2	3	15	3	29	2	13	0	28	41	17	89	32	54	12	0	12	179	162	176	113	144	179	157	160	175	86	24
Mozambique	10	7	6	9	2	12	0	2	1	6	3	4	5	2	1	0	0	0	6	0	1	0	9	5	0	5	3	5	0	7	2	0	0	4	0	1	6	1	0	0	0	1	0	5	3	1	0	2	0	6	5	0	0	0	0	0	0	0	3	0	9	13	4	7	22	5	7	1	4	3	2	1	30	26	1	0	5	7	5	25	2	0	2	1	3	3	2	0	0	1	1	0	0	0	0	0	3	0	0	0	0	0	0	0	0	0	0	0	34	13	12	0	16	1	13	26	0	18	16	3	10	6	13	0	1	6	5	3	9	4	9	1	5	21	7	35	22	25	5	1	7	77	71	81	57	60	76	73	70	68	47	13
Myanmar (Burma)	23	43	18	36	1	31	1	3	5	7	4	5	24	1	0	0	1	0	9	0	2	0	13	11	13	4	29	3	3	9	4	7	1	11	1	0	32	3	11	1	1	1	3	11	16	1	1	1	0	9	5	0	0	0	0	0	0	0	16	1	26	25	11	28	72	16	30	6	8	3	1	0	76	68	1	3	9	41	7	72	14	0	0	2	2	19	4	0	0	3	0	0	0	2	0	0	0	1	0	0	0	0	0	0	0	0	0	0	89	48	36	0	31	17	45	77	3	44	45	7	17	17	48	5	9	5	9	19	17	3	45	3	14	37	22	81	75	88	28	6	38	214	205	243	148	176	221	214	204	154	163	72
Nepal	7	35	16	71	0	72	0	2	0	2	9	3	26	0	0	0	0	0	12	0	0	0	8	3	15	0	41	18	1	32	2	2	0	12	0	0	19	0	1	0	32	0	2	4	14	0	3	2	0	3	13	0	0	0	0	0	0	0	10	0	30	89	1	14	85	44	14	1	9	0	0	0	107	37	0	70	0	45	13	86	6	0	2	0	0	6	4	0	1	3	0	0	0	0	0	0	4	66	0	0	0	0	0	0	0	0	0	0	153	23	11	2	26	82	28	104	3	93	46	26	10	3	24	11	3	6	10	67	3	4	50	4	7	30	63	129	32	34	62	2	63	255	227	297	214	236	297	274	221	229	66	127
Netherlands	169	273	149	65	12	76	10	14	22	18	30	41	11	1	2	0	0	4	54	2	0	1	150	123	18	15	89	38	37	78	15	16	12	78	12	0	106	7	1	3	0	5	10	43	3	5	0	22	3	23	2	0	0	0	0	0	1	0	27	43	178	106	82	76	340	17	38	10	16	21	9	1	175	159	2	1	69	122	71	446	14	0	5	3	13	7	6	6	2	7	1	8	0	0	0	0	0	1	0	0	0	0	0	0	0	0	0	0	427	84	160	31	245	5	156	322	31	166	253	111	135	117	82	28	9	12	60	20	139	17	130	14	170	180	65	422	219	243	128	17	143	954	915	964	337	781	952	928	874	837	462	288
New Zealand	255	378	214	81	22	97	32	27	57	32	39	36	10	3	1	0	0	3	47	1	1	0	219	185	30	60	87	48	50	67	22	19	20	88	5	0	230	8	1	4	3	9	6	35	8	9	0	24	4	50	9	0	0	0	0	0	0	0	43	56	177	117	147	121	472	63	58	6	16	70	2	0	304	272	2	2	88	155	88	636	42	0	3	15	34	23	10	15	0	21	0	10	2	0	0	3	0	0	0	0	0	0	0	1	0	0	0	0	544	183	280	30	302	1	235	439	34	195	344	144	202	209	183	32	18	7	58	17	148	22	204	5	229	175	73	490	392	454	199	8	208	1336	1300	1348	580	1146	1340	1247	1249	967	846	415
Nigeria	88	383	231	14	201	32	2	16	44	304	22	23	153	96	170	0	0	69	244	0	142	18	159	45	7	45	293	48	11	178	5	3	15	18	5	112	129	69	0	0	0	63	7	22	1	348	0	6	3	71	166	0	0	0	0	3	28	0	11	54	198	590	44	121	473	107	41	38	6	196	135	74	1539	1175	224	1	827	156	90	424	9	0	0	5	45	57	1	2	0	160	124	1	0	0	0	1	0	0	1	0	0	0	0	28	0	0	0	7	1147	256	151	247	353	0	355	387	159	450	623	130	296	60	179	137	38	28	249	74	347	22	422	19	297	552	186	1114	239	334	416	49	489	2252	1860	2088	2939	1938	2154	1974	2001	2149	573	954
Northern Ireland	1265	1650	869	441	100	385	91	98	231	104	125	225	39	4	0	0	0	12	195	2	0	0	1047	964	112	308	282	184	226	324	110	35	71	306	33	1	1014	38	0	7	0	52	50	139	40	10	0	130	10	207	15	0	0	0	0	0	0	0	183	177	677	506	708	525	2279	301	195	27	67	229	24	1	1086	1018	0	0	315	620	373	2973	148	0	8	81	147	64	46	32	6	65	0	40	2	1	0	11	0	0	0	0	0	0	0	0	0	0	0	0	2479	834	1170	83	1273	14	1151	1759	86	893	1530	714	961	879	832	93	64	44	130	88	525	79	1097	20	1035	599	223	1884	1842	2007	1077	24	1100	5836	5715	5899	2104	4932	5853	5419	5526	3741	3849	2201
Norway	43	76	50	13	6	20	2	6	3	8	9	6	2	1	0	0	0	2	12	0	0	0	36	29	5	4	19	12	14	21	3	2	2	35	2	0	33	2	0	0	0	5	5	12	0	1	0	3	0	11	0	0	0	0	0	0	0	0	6	15	52	28	31	25	80	4	5	5	6	4	0	0	38	37	0	0	17	29	21	133	6	0	0	3	0	2	3	0	0	4	0	3	0	0	0	0	0	0	0	0	0	0	0	0	0	0	0	0	109	31	55	7	60	1	41	97	8	36	67	30	35	46	30	7	1	2	11	10	40	5	34	3	47	39	14	104	77	87	34	3	37	259	256	261	75	221	263	249	254	204	164	74
Pakistan	469	288	195	363	33	312	2	198	38	62	67	110	215	1	0	0	0	1	199	1	16	1	137	280	94	19	102	58	37	243	77	37	7	170	23	2	192	24	1	2	13	18	83	228	193	6	4	39	9	138	116	0	0	0	0	0	0	0	90	31	189	403	45	386	690	56	392	89	280	120	18	0	958	895	0	15	27	371	83	1037	22	0	34	35	7	142	49	17	4	89	1	5	1	1	0	0	158	15	0	0	0	0	0	0	0	0	0	0	1199	423	217	35	814	22	687	731	47	525	645	99	502	101	422	44	30	153	195	20	242	125	477	12	151	942	89	1200	564	644	224	34	262	2571	2352	2789	1868	2098	2710	2635	2422	2382	1208	520
Palestine	18	30	13	3	3	13	3	6	7	8	2	1	5	0	0	0	0	1	1	1	1	0	9	6	2	4	6	7	3	8	0	3	2	2	6	0	19	1	0	0	0	3	5	2	7	2	0	3	0	2	0	0	0	0	0	0	0	0	3	4	8	17	9	12	27	4	14	3	4	7	5	0	21	18	3	0	2	21	10	47	3	0	0	0	2	1	1	0	0	4	0	0	1	0	0	0	0	0	0	0	0	0	0	0	0	0	0	0	42	13	18	2	36	0	16	42	4	18	21	8	14	11	14	2	0	2	12	2	11	6	18	2	13	35	3	52	24	29	13	2	15	116	102	117	42	92	111	101	102	103	53	30
Peru	21	51	8	4	5	22	1	3	4	2	6	6	2	0	0	0	0	1	6	0	3	0	12	11	2	6	12	2	7	12	1	1	2	4	1	0	11	2	1	0	3	8	2	7	2	1	0	0	0	4	1	0	0	0	0	0	0	0	14	6	10	26	7	10	49	9	6	2	5	4	0	0	38	37	0	1	4	17	7	82	2	0	0	3	2	6	8	1	0	5	0	1	0	0	0	0	0	0	0	0	0	0	0	0	0	0	0	0	45	11	43	14	28	1	18	75	14	22	23	15	15	18	11	13	12	1	6	2	12	7	13	1	23	20	7	51	47	60	11	1	14	145	115	148	76	138	142	152	126	101	107	26
Philippines	2	50	7	96	3	257	1	6	3	3	1	0	37	117	0	0	0	0	0	0	0	0	18	0	18	2	61	9	18	75	0	104	2	50	0	0	9	0	12	0	14	0	1	19	2	0	4	0	0	0	32	0	0	0	0	0	0	0	28	0	82	175	4	3	229	48	24	4	42	0	0	0	582	560	0	10	260	32	7	33	175	0	10	2	0	37	11	0	0	3	0	2	0	0	0	0	1	3	0	0	0	0	0	0	0	0	0	0	349	22	113	0	56	75	37	177	41	282	68	6	26	77	22	21	44	4	8	89	20	11	245	2	6	67	99	241	102	155	194	7	200	583	450	639	1152	576	615	605	575	413	257	401
Poland	169	349	191	70	32	96	56	62	16	34	34	43	16	1	0	0	0	7	43	2	1	0	148	113	64	33	58	65	71	100	14	42	14	79	17	2	132	4	0	3	4	15	9	61	22	1	0	10	12	42	10	0	0	0	1	0	0	0	56	91	128	160	66	147	335	37	156	13	27	27	12	0	222	201	1	0	69	150	65	627	23	0	2	15	12	22	5	9	5	31	0	7	0	0	0	6	0	0	0	0	0	0	0	0	0	0	0	0	531	165	141	37	330	2	196	423	37	237	278	125	138	106	164	38	7	14	118	22	149	20	165	67	196	282	38	520	255	304	147	73	223	1222	1146	1255	424	1048	1206	1171	1133	1036	559	443
Portugal	89	157	62	49	17	51	2	13	25	17	17	29	19	5	0	0	0	7	35	1	0	0	50	43	1	47	33	28	16	49	10	8	5	17	5	2	75	9	0	1	0	21	18	61	4	7	0	8	1	19	12	1	0	1	0	0	1	0	19	37	52	89	45	59	163	47	32	17	25	36	5	0	156	147	2	0	31	92	23	237	14	0	0	14	19	22	5	5	0	22	0	1	0	0	0	0	0	0	0	0	0	0	0	0	0	0	0	2	257	93	97	19	142	3	101	193	23	122	130	80	75	67	91	21	7	12	38	5	96	10	54	11	84	136	24	253	146	191	47	13	62	595	553	626	305	487	611	569	567	497	337	122
Republic of Ireland	2217	2510	1297	633	98	612	191	165	431	135	208	366	46	8	1	0	0	29	353	3	2	1	1666	1738	104	579	379	322	274	412	223	59	140	444	39	0	1668	43	0	20	0	110	59	232	41	18	0	158	19	377	22	0	0	0	1	0	1	0	285	211	911	586	1122	845	3912	579	343	50	97	487	20	0	1780	1623	3	0	466	871	587	4841	241	0	19	141	304	93	66	77	7	68	0	40	4	1	0	14	1	0	0	0	0	0	0	0	0	0	0	1	3790	1475	1698	158	2224	33	1997	2726	163	1215	2497	955	1725	1318	1469	188	67	59	279	83	832	112	1823	34	1934	859	337	3180	2855	3146	1784	46	1835	9306	9148	9448	3406	7842	9378	8598	8944	6310	6001	3665
Romania	21	38	7	7	2	11	4	8	0	2	2	4	4	0	0	0	0	3	10	0	0	0	8	8	1	6	5	12	5	12	2	6	2	5	3	0	15	0	0	0	0	2	1	10	3	0	0	0	0	4	3	0	0	0	0	0	0	0	5	7	9	20	10	8	32	6	22	3	1	2	2	0	16	14	0	0	4	18	7	62	2	0	0	1	1	1	0	1	0	3	0	0	0	0	0	0	0	0	0	0	0	0	0	0	0	0	0	0	56	7	17	6	41	0	17	46	7	33	21	17	14	13	7	6	0	1	16	1	19	5	8	9	20	35	7	66	19	26	5	11	16	123	113	127	30	100	127	124	116	128	45	32
Russia	40	80	45	16	4	37	10	22	4	10	9	9	4	0	0	0	0	3	8	0	0	0	30	20	18	4	11	23	12	27	6	16	6	17	5	0	31	0	0	0	3	2	2	11	6	0	0	3	1	17	3	0	0	0	0	0	0	0	15	16	34	39	15	44	83	7	40	1	5	2	3	0	58	52	0	0	7	45	17	141	2	0	0	2	3	7	2	2	0	16	0	0	0	0	0	1	0	0	0	0	0	0	0	0	0	0	0	0	131	44	45	11	77	0	39	113	12	57	69	32	25	30	43	11	5	4	26	11	41	0	39	15	35	66	12	121	76	86	33	16	47	301	274	304	110	245	308	290	282	234	162	96
Scotland	16931	21003	11234	4968	1247	5096	1273	1352	3464	1578	1750	2456	654	104	5	0	0	133	2552	21	14	1	12773	12731	1621	3671	3717	2462	3329	3828	1198	572	956	3964	320	4	13016	554	1	133	9	995	772	1968	416	138	1	1458	145	3142	305	0	0	0	25	0	2	0	2708	2351	8572	6144	8525	7419	29715	3610	2634	471	1029	3750	198	5	14591	13539	16	1	4100	7916	4872	38782	1967	0	187	933	2193	1135	460	490	105	867	4	365	35	2	0	101	7	1	1	0	0	1	0	0	0	0	0	1	30533	11996	14862	1356	17414	219	15557	23719	1406	11285	18748	8831	12823	11628	11977	1487	661	556	2316	881	6886	1069	13037	283	14200	8054	2752	25393	24518	26811	12733	334	13098	75836	74226	77131	28147	64525	76380	70715	72435	50399	51329	26165
Serbia/Montenegro	13	26	10	13	2	11	4	3	0	2	3	6	3	0	0	0	0	0	9	0	0	0	6	7	2	3	1	12	5	17	2	1	2	7	2	0	7	1	0	0	0	5	2	9	2	1	0	1	0	2	1	0	0	0	0	0	0	0	1	11	4	19	5	9	26	3	15	3	9	3	1	0	17	17	0	0	4	22	3	44	2	0	0	1	0	1	0	0	0	3	0	0	0	0	0	0	0	0	0	0	0	0	0	0	0	0	0	0	58	6	11	1	30	0	11	34	1	38	22	10	10	7	6	1	1	2	12	3	12	6	11	10	11	33	4	50	10	16	11	18	30	105	98	109	34	80	106	106	91	98	26	59
Seychelles	2	19	9	9	5	6	1	1	6	8	2	3	0	1	2	0	0	1	3	0	5	2	5	5	2	3	6	5	2	0	1	0	1	8	0	0	7	4	1	0	0	2	3	5	1	7	0	0	0	1	6	0	0	0	0	0	1	0	3	2	6	9	3	11	26	6	4	4	2	6	0	2	44	35	4	3	11	13	5	21	4	0	0	1	2	5	0	0	0	1	3	2	0	2	0	0	0	1	0	0	0	0	0	0	0	0	0	0	33	7	17	3	19	4	14	31	1	14	15	5	9	8	9	5	4	1	10	7	8	1	7	2	6	15	9	40	17	24	9	2	11	85	76	84	86	71	83	75	76	70	41	22
Sierra Leone	30	82	34	2	55	5	0	4	9	64	1	6	50	14	13	0	0	10	31	0	24	2	20	8	3	14	39	7	5	43	4	2	2	5	6	36	21	20	0	0	0	13	5	6	5	56	0	0	1	12	26	0	0	0	1	8	2	0	2	16	40	106	6	26	62	20	12	4	3	72	46	8	334	271	37	0	172	30	19	61	0	0	0	5	9	17	1	5	0	45	7	0	0	0	0	0	0	0	0	0	0	0	0	8	0	0	0	7	152	32	61	60	108	0	63	133	45	78	74	33	74	23	28	26	6	8	52	8	68	0	37	9	71	110	36	229	44	89	34	11	44	436	370	423	642	386	413	393	372	446	133	89
Singapore	142	216	110	134	10	96	5	26	21	20	27	17	42	3	0	0	0	1	30	0	1	0	128	112	34	29	85	33	30	54	10	9	6	76	6	0	105	6	14	1	1	5	17	33	12	2	4	13	1	34	21	0	0	0	1	0	0	0	51	18	142	102	66	83	336	51	45	22	30	30	3	0	320	292	0	9	47	144	51	377	88	0	7	10	17	27	10	5	1	18	0	7	2	6	0	0	5	3	0	0	0	0	0	0	0	0	0	0	394	108	205	16	219	32	168	341	28	154	237	80	131	132	106	31	34	11	43	47	88	19	154	7	124	157	58	357	268	316	138	5	143	901	882	979	621	825	974	928	883	696	584	286
Slovakia	15	17	7	5	1	8	2	6	1	0	0	4	0	0	0	0	0	0	2	1	0	0	6	6	6	3	5	2	5	9	0	3	1	1	0	0	5	0	0	0	0	0	1	2	3	0	0	0	1	2	0	0	0	0	0	0	0	0	2	6	4	13	3	8	17	3	9	2	1	1	0	0	11	13	0	0	4	10	3	30	1	0	0	0	0	0	0	0	0	6	0	1	0	0	0	0	0	0	0	0	0	0	0	0	0	0	0	0	32	13	8	2	13	0	9	19	2	18	13	6	5	4	13	2	0	3	4	0	5	2	11	6	8	10	1	21	15	21	7	5	13	69	61	69	24	55	68	61	61	40	36	25
Somalia	17	65	11	3	14	8	1	4	7	19	0	5	4	1	1	0	0	0	23	0	4	0	30	7	1	6	8	4	7	5	5	2	6	0	15	1	7	2	1	1	0	8	1	14	0	11	0	1	0	6	19	0	0	0	2	0	1	0	3	9	7	23	5	20	62	8	20	3	3	38	24	4	104	59	4	0	10	36	25	37	1	0	2	1	3	16	2	3	0	10	1	0	0	0	0	0	3	0	0	0	0	0	0	0	0	0	0	0	118	13	20	19	50	1	41	48	12	41	65	25	30	10	15	20	0	11	7	1	61	1	17	3	20	41	46	126	27	41	13	3	17	187	171	229	167	150	221	207	201	233	68	33
South Africa	400	627	342	177	72	231	38	80	112	86	75	84	61	11	2	0	0	15	149	11	10	0	337	270	73	126	174	91	94	163	19	47	38	152	29	16	368	24	5	6	1	31	27	92	40	17	0	40	3	102	45	0	0	0	1	0	4	0	82	119	289	298	219	253	805	138	171	38	68	117	33	10	650	559	25	9	205	290	143	1160	59	0	7	29	43	51	20	20	2	36	1	13	1	1	0	3	6	4	0	0	0	0	0	3	0	0	0	0	1121	332	467	86	556	29	411	837	86	462	644	278	340	332	332	77	29	53	149	59	291	60	373	27	395	414	161	1009	706	815	341	32	374	2583	2435	2640	1243	2097	2591	2440	2400	1979	1521	747
Spain	73	174	80	47	19	52	8	23	74	33	12	28	19	0	1	0	0	5	20	2	1	0	54	45	7	56	30	47	18	43	5	18	4	30	9	0	110	10	0	0	0	22	18	45	8	8	0	9	0	21	11	0	0	0	0	1	0	0	13	36	56	84	70	54	154	56	53	15	26	69	2	0	173	169	0	0	29	73	47	287	20	0	2	14	37	20	7	3	0	23	0	5	0	0	0	0	0	0	0	0	0	0	0	0	0	0	0	0	266	132	90	15	166	2	108	216	21	112	153	72	79	54	130	16	7	9	50	7	111	6	64	13	100	151	30	293	181	224	58	14	74	671	629	688	342	567	671	610	618	574	405	146
Sri Lanka	175	135	112	166	10	245	4	55	12	22	34	34	199	1	0	0	0	1	64	1	1	0	148	49	52	6	102	20	18	107	52	12	6	79	1	1	141	0	0	1	2	8	16	59	105	2	0	26	11	98	86	0	0	0	1	0	0	0	50	13	161	178	25	194	415	42	165	52	100	29	2	0	519	457	0	11	62	277	55	355	9	0	24	16	9	81	30	18	1	20	0	1	0	2	0	0	46	6	0	0	0	0	0	0	0	0	0	0	723	254	193	13	141	78	182	435	29	337	399	62	81	62	249	35	23	102	30	37	151	61	264	0	105	175	91	405	421	462	137	6	151	1271	1209	1426	987	1012	1402	1382	1157	776	883	294
Sudan	28	60	14	7	11	14	1	1	9	25	8	6	10	1	0	0	0	3	14	1	1	0	10	11	5	9	7	8	5	13	4	5	3	9	12	5	12	4	0	1	0	5	13	8	4	5	0	2	0	8	7	0	0	0	1	1	0	0	1	10	10	32	6	33	55	9	23	0	10	13	12	1	86	58	8	0	16	28	8	59	1	0	0	0	3	14	3	4	0	15	0	1	0	0	0	1	0	0	0	0	0	0	0	0	0	0	0	0	98	26	25	8	41	0	38	53	6	38	50	9	16	12	27	16	1	15	7	3	41	3	28	0	28	44	16	101	37	51	21	0	21	214	177	215	152	153	198	185	178	189	88	42
Sweden	65	144	69	14	5	36	8	10	9	8	11	12	0	0	0	0	0	1	22	1	0	0	76	56	6	4	46	15	21	24	9	4	6	36	2	0	64	2	0	2	2	2	2	12	1	0	0	6	1	14	0	0	0	0	0	0	0	0	11	20	82	39	41	35	160	5	13	3	8	10	1	0	70	66	0	0	30	45	36	206	7	0	1	1	8	4	2	2	0	4	0	6	0	0	0	2	0	0	0	0	0	0	0	0	0	0	0	0	191	45	68	22	95	0	65	127	21	56	134	38	60	49	45	22	5	6	17	15	65	8	72	2	77	65	29	172	106	111	72	2	74	415	413	428	136	354	421	403	404	343	217	148
Switzerland	44	100	54	18	5	23	5	16	15	11	10	12	4	1	0	0	0	3	9	1	0	0	43	26	12	7	35	9	17	31	6	5	2	24	6	0	38	1	0	1	1	6	5	27	2	1	0	2	2	8	4	0	0	0	1	0	0	0	16	18	44	44	25	35	92	8	13	14	11	15	5	0	60	58	0	0	17	40	34	138	7	0	1	9	4	5	3	1	1	6	0	0	0	0	0	0	0	0	0	0	0	0	0	0	0	0	0	0	151	47	47	13	72	1	47	114	13	52	93	31	29	32	48	13	2	4	20	8	61	11	45	3	49	78	20	147	90	96	42	5	46	331	322	340	118	266	331	319	307	294	186	93
Syria	4	12	3	4	5	3	0	2	4	8	0	4	4	0	1	0	0	0	1	0	0	0	1	1	1	3	3	1	0	6	0	2	0	1	5	0	3	2	0	0	0	2	6	6	1	0	0	0	0	1	2	0	0	0	0	0	0	0	0	1	3	10	2	10	10	4	6	2	4	4	4	0	8	7	0	0	0	10	1	31	0	0	1	0	0	1	0	0	0	2	0	0	0	0	0	0	0	0	0	0	0	0	0	0	0	0	0	0	19	8	9	0	22	0	6	30	2	10	9	7	3	4	10	0	0	0	13	1	5	1	5	0	4	24	2	30	13	19	1	0	1	55	47	60	15	46	58	57	49	60	32	2
Tanzania	124	135	78	88	19	93	2	27	23	21	18	39	44	1	2	0	0	2	57	0	3	1	80	58	17	9	37	18	20	67	19	12	5	39	7	4	71	8	0	0	0	8	18	55	47	3	0	18	0	47	28	0	0	0	1	0	1	0	21	15	78	99	27	104	217	21	102	24	56	37	10	3	255	225	7	2	36	112	43	341	9	0	5	7	9	36	5	4	0	14	2	0	0	0	0	0	28	1	0	0	0	0	0	0	0	0	0	0	363	117	114	21	171	12	148	260	17	164	193	43	92	62	117	23	11	40	74	13	70	26	129	6	67	196	31	310	183	231	72	16	91	777	697	814	489	652	798	782	706	604	414	179
Thailand	10	27	4	41	2	31	0	1	2	6	2	2	26	1	0	0	0	0	2	0	0	0	10	6	14	2	16	3	3	7	3	5	0	22	0	0	16	0	25	0	0	0	0	6	4	0	2	1	0	4	16	0	0	0	0	0	0	0	33	0	35	17	5	11	60	20	7	6	7	1	0	0	117	106	0	8	4	24	1	32	52	0	1	1	1	19	4	1	1	5	0	2	0	5	0	0	0	3	0	0	0	0	0	0	0	0	0	0	73	23	36	2	27	24	28	75	8	57	20	5	17	12	23	7	19	3	6	29	3	14	31	8	8	37	29	90	48	60	19	3	24	157	165	202	231	156	185	188	177	164	108	46
The Guianas	53	99	60	41	36	39	2	7	17	61	4	11	67	11	14	0	0	11	56	1	27	3	52	23	8	16	55	11	7	50	4	4	1	22	4	17	48	23	5	1	0	14	10	16	17	40	1	4	0	25	39	0	0	0	0	5	7	0	19	9	50	114	21	40	161	29	41	15	30	57	20	14	364	301	27	7	148	63	14	164	17	0	1	2	5	27	12	2	0	32	10	2	0	0	0	0	7	2	0	0	0	0	0	9	0	0	0	5	292	78	71	43	118	5	114	147	32	114	159	33	72	31	74	26	16	20	47	19	88	22	102	3	79	128	58	282	108	139	87	5	94	620	529	620	699	522	607	566	553	547	247	186
Turkey	33	86	34	27	12	48	5	19	5	14	6	20	8	0	0	0	0	1	13	4	0	0	17	11	11	11	6	17	11	43	3	14	0	7	3	0	32	1	0	0	0	14	7	36	16	3	2	11	2	3	5	0	0	0	0	0	0	0	23	17	20	69	20	25	63	11	52	9	22	19	3	0	69	57	1	0	5	61	14	159	8	0	0	5	1	3	3	3	0	10	0	0	0	0	0	0	1	0	0	0	0	0	0	0	0	0	0	0	148	25	48	7	98	3	39	149	7	75	70	19	26	27	25	9	7	10	48	8	35	17	43	14	30	121	13	170	52	77	24	19	44	335	286	353	127	273	329	340	288	334	129	87
Uganda	157	181	101	110	28	100	3	51	36	70	30	39	77	3	6	0	0	13	92	0	19	0	89	81	32	17	66	41	10	84	21	9	10	54	5	21	96	25	0	3	5	20	25	59	52	26	0	14	4	70	61	0	0	0	1	0	11	0	24	16	92	151	32	184	309	31	121	31	73	61	27	5	445	372	42	3	85	162	42	426	14	0	17	3	16	63	7	5	1	22	8	3	0	0	0	0	37	1	0	0	0	0	0	1	0	0	0	0	576	168	106	27	247	8	212	294	24	253	318	69	152	54	163	18	5	51	109	19	131	32	214	10	96	302	64	499	225	275	129	16	141	1116	1012	1157	862	913	1132	1101	1027	961	500	286
Ukraine	12	31	20	7	1	8	11	6	4	2	2	5	2	0	0	0	0	0	5	0	0	0	17	8	10	3	2	15	3	10	0	3	1	5	4	0	12	0	0	0	1	1	1	7	4	0	0	1	1	4	1	0	0	0	0	0	0	0	6	5	8	14	5	15	32	4	26	1	1	2	2	0	16	13	0	0	6	17	9	67	0	0	0	0	0	0	0	2	0	4	0	0	0	0	0	0	0	0	0	0	0	0	0	0	0	0	0	0	38	20	16	6	36	2	20	49	6	16	22	9	12	13	20	7	0	0	16	2	13	1	13	4	14	34	2	52	27	35	11	5	16	116	114	121	29	105	118	113	110	102	62	32
United Kingdom	163	247	124	63	16	50	15	19	30	15	23	31	11	0	2	0	0	3	36	1	3	0	116	121	18	43	50	25	28	54	10	7	14	52	4	0	138	3	0	3	1	12	12	32	9	5	0	18	4	32	8	0	0	0	0	0	0	0	35	22	112	87	99	74	282	44	35	5	12	44	2	2	174	157	2	0	54	76	52	431	14	0	1	16	26	17	4	7	0	6	1	1	0	0	0	1	1	0	0	0	0	0	0	1	0	0	0	1	335	124	167	17	205	0	166	280	19	140	183	110	141	124	124	13	11	2	31	15	76	10	127	6	156	111	32	308	252	287	121	7	129	852	819	855	333	710	848	788	790	607	539	257
USA	459	717	364	172	69	213	53	114	105	73	59	97	53	2	1	0	0	16	99	8	2	2	351	298	69	148	145	123	79	184	38	90	28	144	33	3	361	18	2	8	3	50	32	131	37	11	2	50	4	89	21	0	0	0	1	0	0	0	92	106	296	315	236	256	837	153	208	38	52	99	25	2	556	506	8	0	138	324	188	1304	63	0	5	36	50	53	9	23	5	48	1	15	2	1	0	6	3	0	0	0	0	0	0	0	0	0	0	0	1159	373	470	44	614	10	407	929	55	471	654	316	318	356	371	55	24	30	191	47	281	58	399	36	384	512	110	1020	738	852	364	40	404	2678	2553	2715	1070	2274	2670	2516	2482	2026	1590	808
Venezuela	17	29	11	4	3	10	4	6	7	4	6	4	3	1	1	0	0	1	8	1	1	0	9	15	3	7	9	4	4	6	2	1	2	3	0	3	15	3	0	1	0	2	2	5	0	2	0	3	0	5	0	0	0	0	0	0	0	0	7	5	12	16	6	13	31	7	7	1	2	9	3	0	39	37	0	0	14	12	4	52	2	0	0	6	1	3	2	1	0	3	0	0	0	0	0	0	0	0	0	0	0	0	0	0	0	0	0	0	39	19	20	11	33	0	25	41	10	17	21	12	25	13	19	8	2	0	7	1	9	3	13	2	25	15	5	49	36	40	13	2	15	121	106	119	76	100	122	114	114	94	76	30
Vietnam	4	11	2	35	0	24	0	2	4	1	3	1	17	1	0	0	1	0	0	0	0	0	10	1	9	0	24	0	4	5	2	6	0	14	0	0	2	0	20	0	2	0	0	3	1	0	6	0	0	4	11	0	0	0	0	0	0	0	32	1	29	15	1	7	22	23	5	2	4	0	0	0	103	91	0	4	0	25	4	20	49	0	0	1	0	11	4	0	0	3	0	1	0	3	0	0	2	0	0	0	0	0	0	0	0	0	0	0	56	8	30	0	17	28	9	71	6	31	24	0	8	7	8	7	19	8	4	30	5	7	20	4	4	21	30	70	31	40	16	1	17	106	124	141	198	123	139	141	127	125	71	34
Wales	8498	11849	5900	2590	547	3038	732	832	1842	895	1309	1467	244	60	4	0	0	104	1667	12	39	6	6316	6633	632	1738	2313	1469	1733	2149	606	352	554	2899	183	16	7302	428	3	172	5	405	305	1397	171	98	1	902	79	1630	284	0	0	0	10	3	2	0	1227	1604	5759	3211	5166	3846	15410	1709	1339	366	835	1873	118	3	8269	7524	14	0	2591	4317	2468	21428	745	0	50	493	1165	744	360	385	58	384	9	188	18	1	0	24	1	0	0	0	1	1	0	1	0	0	0	1	15574	6080	9529	775	9956	86	8118	14965	790	5929	9433	4506	6724	7302	6101	786	515	271	1578	704	4047	753	5990	232	7680	5345	1513	14811	13896	15417	5897	298	6238	41635	40790	42466	15807	35433	42000	39235	39509	29349	29313	12433
Yemen	38	52	20	12	2	19	1	3	5	7	3	1	11	0	0	0	0	0	13	1	0	0	20	22	7	8	14	3	1	11	4	4	4	11	2	2	20	2	0	1	0	1	7	9	6	1	0	5	1	9	4	0	0	0	3	0	0	0	8	3	19	23	7	33	61	8	21	2	9	3	5	1	61	54	1	1	9	20	17	78	5	0	2	1	5	5	1	1	0	5	2	3	0	0	0	0	3	0	0	0	0	0	0	0	0	0	0	0	93	27	23	6	50	0	46	54	3	38	51	19	32	16	27	5	1	5	15	2	26	8	29	1	28	49	11	92	40	51	23	1	24	188	182	203	117	157	199	192	186	180	91	48
Zambia	72	104	66	20	29	27	3	6	19	33	14	12	17	1	7	0	0	5	31	2	11	1	53	49	11	21	40	13	13	20	2	4	5	28	2	7	68	5	0	2	0	8	2	10	6	14	0	10	3	24	17	0	0	0	0	0	4	0	19	16	52	51	30	50	159	25	20	3	7	19	11	8	162	125	14	7	50	59	30	181	8	0	4	5	10	16	5	8	0	6	1	3	0	0	0	0	1	0	0	0	0	0	0	2	0	0	0	1	228	67	63	16	91	2	84	122	14	89	139	49	59	39	73	11	6	8	38	5	50	8	89	5	69	77	26	180	117	131	78	6	86	480	441	470	308	390	467	448	440	352	248	170
Zimbabwe	201	325	134	61	86	80	18	25	72	167	28	35	28	16	25	0	0	33	78	0	34	1	156	145	23	38	129	63	29	59	11	13	13	50	12	63	162	36	0	1	0	12	11	47	13	46	1	16	2	66	71	0	0	0	1	0	39	0	35	33	148	170	103	140	424	58	58	10	29	71	75	48	549	428	58	7	230	128	76	547	18	0	2	16	29	48	3	9	1	37	49	4	2	0	0	2	2	0	0	0	0	0	0	1	0	0	0	0	657	139	183	88	335	6	243	376	77	286	345	149	246	125	148	37	7	24	136	43	202	35	176	13	278	277	114	719	282	324	169	12	182	1447	1328	1402	1042	1204	1408	1327	1341	1388	606	363
